YEAR,value
2000,67.2353965
2001,68.42694514
2002,69.68120686
2003,70.81701053
2004,73.1977851
2005,75.75508539
2006,80.49108475
2007,84.30950647
2008,96.08858237
2009,95.37842073
2010,100
2011,104.1624416
2012,108.865615
2013,114.1179706
2014,117.4267973
2015,116.3971388
2016,115.491068
2017,119.3298693
2018,124.6547393
2018,125.6040026
2020,126.0226337
2021,127.7190165
